omeka_000001.xml,PLMPTN_109_001.tif PLMPTN_109_002.tif PLMPTN_109_003.tif
omeka_000002.xml,PLMPTN_054_001.tif
omeka_000003.xml,PLMPTN_150_001.tif
omeka_000004.xml,PLMPTN_100_001.tif
omeka_000005.xml,PLMPTN_023_001.tif
omeka_000006.xml,PLMPTN_162_001.tif
omeka_000007.xml,PLMPTN_040_001.tif
omeka_000008.xml,PLMPTN_107_001.tif PLMPTN_107_002.tif PLMPTN_107_003.tif PLMPTN_107_004.tif
omeka_000009.xml,PLMPTN_038_001.tif
omeka_000010.xml,PLMPTN_066_001.tif
omeka_000011.xml,PLMPTN_077_001.tif PLMPTN_077_002.tif
omeka_000013.xml,PLMPTN_049_001.tif
omeka_000014.xml,PLMPTN_014_001.tif
omeka_000015.xml,PLMPTN_155_001.tif
omeka_000016.xml,PLMPTN_079_001.tif
omeka_000017.xml,PLMPTN_042_001.tif
omeka_000018.xml,PLMPTN_007_001.tif
omeka_000019.xml,PLMPTN_133_001.tif
omeka_000020.xml,PLMPTN_149_001.tif
omeka_000022.xml,PLMPTN_053_001.tif PLMPTN_053_002.tif
omeka_000023.xml,PLMPTN_057_001.tif
omeka_000024.xml,PLMPTN_033_001.tif
omeka_000025.xml,PLMPTN_138_001.tif
omeka_000026.xml,PLMPTN_153_001.tif
omeka_000027.xml,PLMPTN_004_001.tif PLMPTN_004_002.tif PLMPTN_004_003.tif PLMPTN_004_004.tif PLMPTN_004_005.tif PLMPTN_004_006.tif PLMPTN_004_007.tif PLMPTN_004_008.tif PLMPTN_004_009.tif PLMPTN_004_010.tif
omeka_000028.xml,PLMPTN_010_001.tif
omeka_000029.xml,PLMPTN_087_001.tif
omeka_000030.xml,PLMPTN_051_001.tif
omeka_000031.xml,PLMPTN_120_001.tif
omeka_000032.xml,PLMPTN_096_001.tif
omeka_000033.xml,PLMPTN_080_001.tif
omeka_000034.xml,PLMPTN_135_001.tif
omeka_000035.xml,PLMPTN_037_001.tif
omeka_000036.xml,PLMPTN_119_001.tif
omeka_000037.xml,PLMPTN_141_001.tif
omeka_000038.xml,PLMPTN_082_001.tif
omeka_000040.xml,PLMPTN_025_001.tif
omeka_000041.xml,PLMPTN_146_001.tif
omeka_000042.xml,PLMPTN_028_001.tif
omeka_000043.xml,PLMPTN_084_001.tif
omeka_000044.xml,PLMPTN_089_001.tif
omeka_000045.xml,PLMPTN_121_001.tif
omeka_000046.xml,PLMPTN_111_001.tif
omeka_000047.xml,PLMPTN_017_001.tif
omeka_000048.xml,PLMPTN_039_001.tif
omeka_000050.xml,PLMPTN_142_001.tif
omeka_000051.xml,PLMPTN_129_001.tif
omeka_000052.xml,PLMPTN_117_001.tif
omeka_000053.xml,PLMPTN_036_001.tif
omeka_000054.xml,PLMPTN_094_001.tif
omeka_000056.xml,PLMPTN_127_001.tif
omeka_000057.xml,PLMPTN_071_001.tif
omeka_000058.xml,PLMPTN_046_001.tif
omeka_000059.xml,PLMPTN_122_001.tif
omeka_000060.xml,PLMPTN_106_001.tif PLMPTN_106_002.tif
omeka_000061.xml,PLMPTN_002_001.tif
omeka_000062.xml,PLMPTN_113_001.tif PLMPTN_113_002.tif
omeka_000063.xml,PLMPTN_103_001.tif
omeka_000064.xml,PLMPTN_139_001.tif
omeka_000066.xml,PLMPTN_045_001.tif
omeka_000067.xml,PLMPTN_156_001.tif
omeka_000068.xml,PLMPTN_108_001.tif
omeka_000069.xml,PLMPTN_001_001.tif
omeka_000070.xml,PLMPTN_013_001.tif
omeka_000072.xml,PLMPTN_030_001.tif
omeka_000073.xml,PLMPTN_158_001.tif PLMPTN_158_002.tif PLMPTN_158_003.tif
omeka_000074.xml,PLMPTN_059_001.tif
omeka_000075.xml,PLMPTN_099_001.tif
omeka_000076.xml,PLMPTN_065_001.tif PLMPTN_065_002.tif
omeka_000077.xml,PLMPTN_020_001.tif
omeka_000078.xml,PLMPTN_055_001.tif
omeka_000079.xml,PLMPTN_043_001.tif
omeka_000080.xml,PLMPTN_085_001.tif
omeka_000081.xml,PLMPTN_022_001.tif
omeka_000082.xml,PLMPTN_048_001.tif
omeka_000084.xml,PLMPTN_101_001.tif
omeka_000085.xml,PLMPTN_159_001.tif
omeka_000086.xml,PLMPTN_015_001.tif
omeka_000087.xml,PLMPTN_024_001.tif
omeka_000089.xml,PLMPTN_083_001.tif
omeka_000090.xml,PLMPTN_006_001.tif
omeka_000091.xml,PLMPTN_097_001.tif PLMPTN_097_002.tif PLMPTN_097_003.tif PLMPTN_097_004.tif
omeka_000092.xml,PLMPTN_152_001.tif
omeka_000093.xml,PLMPTN_012_001.tif
omeka_000094.xml,PLMPTN_032_001.tif
omeka_000095.xml,PLMPTN_095_001.tif
omeka_000096.xml,PLMPTN_134_001.tif
omeka_000097.xml,PLMPTN_124_001.tif
omeka_000099.xml,PLMPTN_070_001.tif
omeka_000100.xml,PLMPTN_005_001.tif
omeka_000102.xml,PLMPTN_029_001.tif
omeka_000103.xml,PLMPTN_115_001.tif
omeka_000104.xml,PLMPTN_131_001.tif
omeka_000105.xml,PLMPTN_105_001.tif
omeka_000106.xml,PLMPTN_072_001.tif
omeka_000107.xml,PLMPTN_061_001.tif
omeka_000108.xml,PLMPTN_086_001.tif
omeka_000109.xml,PLMPTN_157_001.tif
omeka_000110.xml,PLMPTN_034_001.tif
omeka_000111.xml,PLMPTN_063_001.tif
omeka_000112.xml,PLMPTN_074_001.tif
omeka_000113.xml,PLMPTN_078_001.tif
omeka_000114.xml,PLMPTN_067_001.tif
omeka_000115.xml,PLMPTN_088_001.tif
omeka_000117.xml,PLMPTN_076_001.tif PLMPTN_076_002.tif
omeka_000118.xml,PLMPTN_092_001.tif
omeka_000119.xml,PLMPTN_090_001.tif PLMPTN_090_002.tif
omeka_000121.xml,PLMPTN_118_001.tif PLMPTN_118_002.tif
omeka_000123.xml,PLMPTN_098_001.tif PLMPTN_098_002.tif PLMPTN_098_003.tif PLMPTN_098_004.tif PLMPTN_098_005.tif PLMPTN_098_006.tif PLMPTN_098_007.tif PLMPTN_098_008.tif PLMPTN_098_009.tif PLMPTN_098_010.tif PLMPTN_098_011.tif PLMPTN_098_012.tif
omeka_000124.xml,PLMPTN_126_001.tif
omeka_000125.xml,PLMPTN_123_001.tif PLMPTN_123_002.tif
omeka_000126.xml,PLMPTN_052_001.tif
omeka_000127.xml,PLMPTN_160_001.tif
omeka_000128.xml,PLMPTN_047_001.tif
omeka_000129.xml,PLMPTN_110_001.tif
omeka_000130.xml,PLMPTN_050_001.tif
omeka_000131.xml,PLMPTN_102_001.tif
omeka_000132.xml,PLMPTN_009_001.tif
omeka_000133.xml,PLMPTN_116_001.tif
omeka_000134.xml,PLMPTN_062_001.tif
omeka_000135.xml,PLMPTN_027_001.tif PLMPTN_027_002.tif
omeka_000136.xml,PLMPTN_143_001.tif
omeka_000138.xml,PLMPTN_132_001.tif PLMPTN_132_002.tif
omeka_000140.xml,PLMPTN_112_001.tif
omeka_000141.xml,PLMPTN_075_001.tif
omeka_000142.xml,PLMPTN_104_001.tif PLMPTN_104_002.tif PLMPTN_104_003.tif
omeka_000143.xml,PLMPTN_125_001.tif
omeka_000144.xml,PLMPTN_011_001.tif
omeka_000145.xml,PLMPTN_064_001.tif
omeka_000146.xml,PLMPTN_044_001.tif
omeka_000147.xml,PLMPTN_068_001.tif
omeka_000148.xml,PLMPTN_035_001.tif
omeka_000149.xml,PLMPTN_003_001.tif
omeka_000150.xml,PLMPTN_021_001.tif
omeka_000152.xml,PLMPTN_058_001.tif
omeka_000153.xml,PLMPTN_018_001.tif
omeka_000154.xml,PLMPTN_154_001.tif
omeka_000155.xml,PLMPTN_128_001.tif
omeka_000156.xml,PLMPTN_073_001.tif
omeka_000157.xml,PLMPTN_031_001.tif
omeka_000158.xml,PLMPTN_093_001.tif
omeka_000159.xml,PLMPTN_060_001.tif
omeka_000160.xml,PLMPTN_019_001.tif
omeka_000161.xml,PLMPTN_056_001.tif
omeka_000162.xml,PLMPTN_114_001.tif
omeka_000173.xml,PLMPTN_163_001.tif
omeka_000176.xml,PLMPTN_081_001.tif
omeka_006135.xml,WilliamsonLetter.tif